Age,Income,Spending,Satisfaction,Experience,Category
39.96714153011233,90973.9023138462,7109.468858608284,6.686983778876224,2.4095191851051982,A
33.61735698828815,80678.1837378356,7043.601922986754,7.743331670722527,4.9063895331827485,B
41.47688538100692,71632.89823930607,5699.796517949287,7.961236611832836,5.05405061613334,A
50.23029856408026,65411.09761645652,5723.611535375117,10.0,6.417891037530217,B
32.658466252766644,76802.58283058717,5176.048982671209,9.674958828329995,0.8994249101575207,C
32.6586304305082,72231.59599658035,6649.906477224311,6.60835744617918,6.777701821541992,A
50.79212815507391,88823.96237795294,7592.846391887913,10.0,3.113174894808326,C
42.67434729152909,80864.75067099408,6266.658871956932,6.722281550142155,3.110346342908569,B
30.305256140650478,80895.91880011527,7400.922771095447,10.0,3.535178472645366,C
40.42560043585965,62184.272044521305,6736.9429649884005,7.402526624499247,6.899980478213715,C
30.365823071875376,84943.82252045258,6184.869701358292,9.106736842913874,5.067892558030607,C
30.34270246429743,68135.34530253471,5799.196117149155,10.0,0.7833108384311398,B
37.41962271566034,99838.72444720916,7340.7721374592375,8.061190869484083,2.0450206225489547,A
15.86719755342202,47595.78150536749,4605.8654946410725,5.284111797598888,5.5960400286422205,C
17.750821674869673,84914.86788491358,8167.735334656383,8.370344404726671,4.762797974406331,A
29.377124707590273,67657.22410573486,6077.965948947852,9.940429481815718,3.2626276710927606,B
24.87168879665576,52664.574344111155,5684.718502345091,5.354209603990294,3.557498631464062,A
38.142473325952736,61812.94915216154,4529.656825866975,3.8424140604422243,7.088503991477867,C
25.91975924478789,58154.66999947914,6383.9840477462685,7.230995212360459,3.446922281392356,C
20.876962986647086,66800.9706893523,5848.821918171693,9.167659734333995,4.7357262679127805,C
49.65648768921554,82670.77616514027,6970.357014510357,10.0,11.509809764241629,C
32.74223699513465,57765.61843848864,6039.445320377584,7.193538878796334,0.7289520893482306,C
35.67528204687924,67472.32213952488,7215.656735814365,7.75647619630224,0.5555281947239763,C
20.752518137865433,92510.31444811067,6768.951797217478,10.0,7.35076899439582,B
29.556172754748175,90691.23392888476,5456.7897585179135,6.729949146901108,2.9640708161176903,B
36.10922589709866,74599.46799365981,7211.037591766875,8.147192236908477,4.0452874167721395,B
23.490064225776973,62315.08428541149,7800.952910108459,8.401390049158161,2.6565308656066575,A
38.75698018345672,71178.95999250228,7510.580988417471,9.232776081552664,4.220599577697462,A
28.99361310081195,73699.57614136222,6779.658143789842,7.9202687672817875,9.795614336289024,B
32.083062502067236,50699.64277305753,4807.439235648426,7.586643656211638,7.406385375854358,A
28.98293387770603,60630.81887750284,7084.413728221349,4.299049913755658,7.586670535660931,A
53.522781845089376,51732.629814380845,4901.590146585161,6.599258872218269,0.7513188326220632,C
34.86502775262066,73420.86071538951,6953.7378702805545,9.351306104601177,1.5465387903413923,C
24.422890710440996,71919.38445076162,7265.956727668776,7.122528171156061,3.5172359784562808,A
43.225449121031886,64364.92762602534,6871.86140394837,8.306722713685664,2.571857536751738,A
22.791563500289776,85005.58319949538,9539.331597948167,9.920587911178815,7.870109559156975,B
37.08863595004755,50157.83302998866,5787.29859838428,6.994067850212786,6.550839547245113,A
15.403298761202244,35736.026177453816,4507.365836282752,7.042496965367547,4.335460211143628,C
21.718139511015693,64225.84703390743,6178.118194104552,6.767193503768453,4.933099148845841,A
36.96861235869123,84190.78071852794,5504.092733792858,8.899622116382327,2.933343372273783,B
42.38466579995411,96451.24827184508,7281.907183255016,10.0,5.614276647205353,C
36.7136828118997,61473.57746291575,5956.025751030377,8.309138314598439,7.297634838441844,C
33.843517176117594,83101.97108952823,6729.98455495794,8.275301650130508,0.1523396377685815,C
31.988963044107113,65416.85447954295,6547.749645921943,8.607167330413336,5.898943063512045,C
20.214780096325725,57517.98054905057,5008.857184411958,8.947813713407454,7.797304612864002,A
27.801557916052914,77155.67802032654,7749.3562762219335,5.78287198315011,3.754699133109891,B
30.393612290402125,74981.64932140235,6624.346026986961,10.0,7.102101836361751,A
45.57122226218915,49139.72877633084,5598.942349926593,6.952604330794934,13.44396333341766,A
38.43618289568462,91366.19669373074,7312.2923739286025,10.0,4.686971621039325,C
17.36959844637266,79386.1695353981,7231.475759124412,10.0,6.179921150015971,B
38.24083969394795,59736.97932433104,6864.469663182233,5.929338420370853,2.7858287490158253,C
31.149177195836835,71511.64159947955,6020.201622429535,7.511420576332657,5.543753487806152,A
28.230779996940413,71525.84279271128,6104.4226352340875,8.143469095822006,6.380814874946911,A
41.11676288840868,74468.48793156295,6280.801121854536,7.547794114891506,5.584527020810414,C
45.30999522495951,64400.42030479845,5142.76705432797,10.0,1.9409140408734298,A
44.31280119116199,62082.05007651022,5342.078135645146,6.818944363085322,5.619085313976353,A
26.607824767773614,62920.60131901513,5696.240575774184,7.312709896720457,9.386587816152911,C
31.907876241487855,83544.8734096344,7801.848184901852,9.483827217886185,6.345907293543582,A
38.31263431403564,77310.3194759343,6879.579922041806,7.062291684682581,7.8859615672155225,B
44.75545127122359,66818.51065432021,6104.329743983248,7.7474044650816145,4.288964089962117,C
30.2082576215471,76679.60947049872,7381.070233593761,9.310160365400199,7.249700718271132,B
33.14341023336183,23843.565807229785,4120.956750026804,5.692887683787722,5.837803514649578,A
23.936650259939718,79199.81063555142,7002.727002635184,8.819910243427648,2.147267810938304,A
23.037933759193294,35423.26019792515,4691.722054844586,5.9771648412237015,5.955563014396623,C
43.125258223941984,66126.01499092401,6898.644313928097,6.03459528577505,2.0249100096790684,A
48.56240028570823,57486.15172346195,5612.711971134279,8.356697403181956,3.101359175345624,C
34.27989878419666,47719.72725628474,3763.6409380171995,10.0,5.567984921877122,C
45.03532897892024,89930.06630013791,7467.305560644399,9.524105761182053,5.891732820140372,C
38.61636025047634,62292.6621055598,7486.3335787552305,8.452529281149314,1.432302604768613,C
28.548802453948756,69471.95945293512,7069.777348346472,9.512682105322044,8.161957313548628,C
38.61395605508414,68603.1693443543,7073.6084014862545,6.526162722397666,6.716018834901419,B
50.38036566465969,82345.79524067667,7558.366298251313,10.0,2.8858146931673483,C
34.64173960890049,68473.19817035407,6731.815076095313,8.727153103151906,0.3872456106524744,B
50.64643655814006,56078.33491624149,6269.834107700528,10.0,4.565286262755706,A
8.802548959102555,69345.27677125839,5862.506873145986,7.367714345276935,3.6621688584165195,C
43.21902504375224,64203.163774456436,5906.509562621736,10.0,5.339421371159069,A
35.870470682381715,44586.50686129459,5571.1698401434505,8.392058584116905,3.9106500165333005,C
32.009926495341325,59583.23583318197,7018.80005168965,8.808721920437636,1.0223705822350295,B
35.91760776535502,90470.20074219217,7636.939525625457,9.87454671863933,3.834959185096525,B
15.124310853991073,70315.48155869792,5807.068271277559,8.142981150823221,4.083142666795061,B
32.80328112162488,61171.85854469455,6140.903000448456,9.859390414945537,6.900983074322176,A
38.57112571511746,64046.69729278229,6627.965909438578,8.412874669411185,2.9054009761668507,C
49.77894044741516,70064.94445544684,5370.842248258847,5.552642667391614,10.036024020117699,A
29.817297817263526,96059.86866204438,6057.847470927287,8.127213740541716,0.734921651955271,B
26.915063971068122,69186.56376900736,5981.2582211025365,8.180559560161248,8.933502493407874,A
29.982429564154636,71441.83948994336,5574.804663084685,9.0370904492455,4.327043087365686,B
44.15402117702074,87531.26239898801,6927.275928320624,9.291680386599557,7.578754617030668,B
38.287511096596845,72725.59293369613,6712.1186319884855,10.0,5.239404452176199,B
29.702397962329613,60965.56679385426,5769.431604499802,5.121625543634776,8.418666608076407,C
40.13267433113356,67121.0894292921,7562.145206588674,8.571436376222346,3.8379141063415663,C
35.9707754934804,66911.36885552925,6352.773910239862,5.6185996046957305,1.7041387244665636,B
44.68644990532889,71784.89140501682,6753.908109296873,9.728813013477094,9.26151286181319,A
27.979469061226474,74904.17768516793,7422.708431560953,8.603520812595393,4.659558062353576,A
31.723378534022316,66640.87755412066,5428.516698106202,8.96145883574221,5.664675420872632,C
31.078918468678424,76529.0603925729,7789.648743482688,7.530628578743995,8.704255742134386,B
20.364850518678814,58971.67655771067,6241.274758722693,9.86778122537216,1.9041342737166955,A
37.96120277064576,70160.12924006424,7252.112169637945,10.0,6.786472692917772,B
37.610552721798896,38832.26609291783,4102.759185753715,7.816929759163723,3.230315730611327,A
35.05113456642461,81270.48240374953,5718.31927333548,8.869248249892316,4.603491933066884,C
32.65412866624853,71524.39147159415,6719.82138078855,9.446005501522407,5.216836896152866,B
20.84629257949586,75393.29793764271,7037.115533265578,7.709326044901112,0.4993344156591917,B
30.79354677234641,21952.94271326787,3310.8033930140155,7.380980624194462,2.6634888715386955,A
31.572854834732304,97112.04798907707,7237.945173313173,10.0,9.053218677239418,A
26.97722730778381,61394.76923156429,6939.305243715093,9.675654301546995,7.658573565754387,A
33.387142883339905,83316.3136927327,6150.209158455415,8.071411979925522,4.812081268018296,B
39.040508568145384,53921.665377189725,6654.341845362813,8.23820924476914,5.72937037553868,C
53.8618590121053,86122.5380819912,6397.636750551252,7.366414588461588,4.117272483090627,C
36.74577812831839,52571.65561655436,6234.626529474536,8.487168247591232,9.069750157483947,A
37.57550390722764,59431.21754317675,6051.847622786189,8.647465996452645,4.398942266617508,C
34.25554084233833,95838.24072917095,8254.956904575298,6.987187527160302,5.695526276404544,A
15.812287847009586,55045.907912054594,5382.5664086262,6.009619629734184,8.438090432426195,C
34.73486124550783,70628.92372044976,6591.707492555214,8.106737840906838,2.6678855454622803,B
35.60230209941027,80852.16701003644,6913.164903578349,8.591318729790583,9.676367553490682,A
59.63242112485286,87251.4388820155,6634.184788132686,7.548356540972567,0.40861577076986944,C
33.076390352188774,68794.47875324804,6884.285392732071,9.023192031690677,9.888926393338396,B
38.015473423336125,74482.15174866145,6486.501621954007,9.101318000843841,3.8819732481440763,C
34.65288230294757,103377.67493004791,8016.284423820728,9.877480048534617,4.271903756524154,B
23.313219623804677,60792.32785639856,5303.827255929406,6.905929142582384,0.6700305135488289,B
46.42822814515021,76230.59977329962,4605.143342145016,10.0,3.635615847866921,C
42.519330326867745,87019.48110354805,7339.558317019424,10.0,1.8805804069193472,C
42.910319470430466,88038.04872958499,9748.937358015784,8.676560210709443,3.1770609638795824,B
25.90612545205261,80758.517309432,7464.026956704379,8.119675489739368,4.588067102633361,B
49.02794310936099,84094.92488511826,7121.386138938894,9.941557742373908,7.873374843418716,B
20.981489372077192,43345.670995081346,5003.292381221071,6.630239480133588,5.622810054201877,A
40.868570938002705,94935.75845351779,7922.04187932469,9.537692121681038,5.923029960203341,B
56.90455625809979,61257.09723376957,6388.640896770752,9.172334589275486,1.713441833463313,A
25.094636748693116,67086.85035293206,4843.0862073709795,5.490308386385664,2.3577377311918095,B
29.33702270397228,53354.37360169577,6831.013934652691,9.645172167363793,10.396175055053936,A
35.99651365087641,67036.18162654332,7076.21535759699,8.460829867821179,2.79439689571026,B
29.965243458838007,69914.05788397121,6721.661968667575,7.87846317735529,9.968624756171888,B
19.493365689338674,64567.041076423426,6457.6188865130425,8.094500822488998,4.270816403357401,B
35.68562974806027,74171.6261875594,7037.911121438628,8.652225341908748,5.006863808430512,C
24.37696286273895,86394.15046724919,8147.555795827488,6.722905568195071,8.211095480689789,C
39.73592430635182,76670.97667588561,7494.728145323173,10.0,8.81567726581597,B
25.80575765766197,59240.52929947126,5643.571409428772,8.02401491337949,4.667562319162737,A
50.499344050175395,89710.97954941305,7043.265042915634,10.0,3.8352708394353834,A
27.167467076637628,81425.79087218843,7126.5894187937865,10.0,4.832238654433361,B
31.779384837943244,47475.57519191674,6838.642837445755,5.842035073255387,6.0138725846963546,C
43.135172173696695,80528.58713459622,5859.9752149076685,9.736637205282653,7.673911060609266,A
22.69135683566045,71863.2695524937,5257.983334045893,8.191701841276494,5.012689576982455,C
37.27459934604129,64173.84712262076,6542.555946487455,9.478848518955779,6.8566588940694615,A
48.07142754282428,94671.31597108644,7765.403668936824,6.542724668027079,9.915079196812822,B
18.925167654387725,57211.750021705964,6274.954303672387,7.711946050723395,6.143928836794354,C
36.84633858532304,70306.81609473465,6576.200921667423,7.61110982106079,5.934958568014335,A
37.598827942484235,66203.33660698407,6120.649354573596,8.958561256300436,0.44326752472979614,B
42.8182287177731,71642.80007260857,7589.548157543303,9.287206284682732,2.8921904104871903,B
22.63049289121918,44871.120142181564,3964.305360612579,6.182117164876039,6.165127187690505,B
21.795433869157236,39296.953695664204,4006.3406775592543,5.8965868885191455,4.715527306157384,C
40.21941565616898,94027.28377645907,7521.233696512723,9.535366135986958,3.4556519752557744,C
37.96984673233186,56280.50314139101,4212.223335160594,6.469061816096738,5.730590612559034,B
37.504928503458764,53881.57900988478,5692.180073586834,8.957054493672429,4.8187888124092755,C
38.46448209496975,36931.38934342915,6319.063467705803,6.292758666500289,8.383340751901695,A
28.199752784215093,54515.45017676501,5396.429153378151,3.3652901798557884,5.258332604776934,B
37.322536971610035,48814.921584692536,5892.083952909688,6.878512994301918,2.7592301447894974,B
37.93072473298681,93595.58976853895,7171.130701572854,8.121963757160989,7.9704987168778665,C
27.85648581973632,79075.49925000768,6469.88711341607,6.506861239308965,4.348606775161393,B
53.65774511144757,66506.61737805793,5896.950912598818,6.469190911569037,6.579610051016921,A
39.73832920911788,103655.70168472358,8493.479125031801,10.0,3.5677678814215987,C
23.086965027973513,76269.96481886067,7575.019577285546,10.0,3.0505193435076907,C
41.5655360863383,65910.2972905398,6745.6890064809095,8.765291575324461,5.252504690557089,B
25.253183297726785,25135.505925759793,3403.533385264749,5.34702021396438,5.038485930631055,B
42.87084603742452,105799.56160757339,8756.211427214757,10.0,6.439481106100499,B
46.58595579007404,52449.390893583084,6092.9947385019395,6.9338340793506665,4.194062740070772,C
26.793176816482895,38715.60720388807,5748.172811853726,5.893879806449687,0.5090793513111915,B
44.63376129244322,87655.43712636622,8456.967531495418,7.651227853968834,3.701678349234834,A
39.12780926936498,106160.19072977158,7427.5698189770565,7.680266326361001,7.381455401431447,B
43.2206015999449,92374.39307763021,6768.648172724212,9.033834094042342,4.107871762270681,B
53.967929826539475,85442.60171405514,6275.632862528001,9.509210320582955,4.260849792456356,C
32.54611883997129,75194.37454496493,6459.663603990563,8.614783222225912,7.959129517717811,B
27.462638356425103,76532.55255991717,6900.906768894976,8.202677236074821,2.8640803182232317,C
26.104855703744768,74436.35669867386,7762.714605879955,7.303198743888521,0.37159034527130075,B
26.841897150345616,67638.81993471345,6221.645673135846,9.294310284263124,4.5181066414235165,A
34.228982905858956,68677.50801220762,5924.370021011444,6.458177520690503,3.547478146253789,A
38.41151974816644,68266.86295559039,6501.097714681004,9.577385018544733,2.101261040740238,C
37.766907993300194,57573.98516364995,5224.259250072011,6.37537372979241,4.473864632303928,C
43.27183249036024,67425.7900921785,7693.627136848937,7.242636648579373,6.474516941740351,B
35.13001891877907,42170.65724645875,3888.7335740536428,4.908355076399422,4.972134315296553,B
49.53534077157317,73292.57598386533,6602.989748571794,7.912525578864812,5.920943218058714,A
32.35343166762044,51347.84922654646,7528.483198549192,9.03036114904429,10.44022309554627,B
62.20169166589619,64547.006074711535,6337.582281798922,9.000792436401511,3.971363415327308,A
41.25667347765006,73326.74900612721,6434.326224283302,10.0,5.835045903934009,C
26.428424435837172,84094.24651308758,6769.7224333425675,9.987926144555283,3.4723599122025965,B
24.291075019388877,75920.28659972914,6630.707443063807,7.140509587190904,2.460920840339081,C
39.824724152431855,46354.85302186827,6538.579579151296,6.821558814602078,3.2452770397466906,B
32.76537214674149,51538.26402481568,3802.3248464601393,6.40661450756459,3.5637242854349345,A
42.14000494092092,85181.5702902837,8442.393714123875,10.0,6.078427392641377,C
39.73237624573545,55128.87721979308,4628.952197193118,5.961260891350186,12.047227360102273,C
34.271710873431275,63766.35818676026,5854.224259703091,9.528864443421678,2.851869691172479,B
26.53206281931595,71516.81289502626,6163.803923143776,9.915271449914467,3.7501240831536125,C
19.851527753141355,45400.59705361615,5323.713980716382,10.0,4.810630960666256,A
30.53485047932979,66848.0578318543,5258.64865625619,7.727873002648469,6.187396546129241,C
43.56398794323472,51771.611547844295,6018.078266322121,8.657063816762458,5.790652435864355,C
37.14093744130204,59549.954061382814,7442.254232891937,10.0,8.852287381844352,B
22.54261221288012,66068.03511857812,5592.609548525705,7.376939240528361,2.279176211605625,C
36.73180925851182,44470.99862628087,5392.718161480837,4.920989560015503,2.1607896105870186,B
38.85317379728837,76033.70796805018,6064.870941770182,5.981670347540864,3.5123654839695524,B
26.16142563798867,62786.145835094125,6651.364541003227,9.208375335046703,8.291900562631126,C
36.53725105945528,76555.97484598485,6922.7266075336975,6.003073430211367,0.3030559051832107,A
35.58208718446,71149.75560319993,6123.214250021393,7.999009200753112,4.022897019081272,B
23.57029702169377,82247.25496045453,7417.509454989268,9.768332528581169,6.713538218657626,C
38.577873603482836,71167.30434146003,8091.942849658003,8.836128522317873,5.7309716711081435,B
40.60784526368234,63862.83951496238,5988.067284322062,8.831309272024377,1.7293747796017107,A
45.830512431752766,74749.71876136064,7424.480582115745,9.070920721769314,2.0433811978372103,A
45.53802052034903,80918.48069572033,5630.316777686958,10.0,2.0907688410959766,B
21.22330632042909,61344.554215100114,5215.303916704761,6.638753139646811,5.33160595242182,A
25.621749600848773,63419.75016848263,6893.343550290073,7.155494800736335,3.121054171450979,C
40.1503526720866,59545.30101894197,7011.14438269581,6.8182758830408625,6.482191756926559,C
40.13785950912209,60125.41599129682,6169.993819094732,9.251558517358756,3.5638799887131736,B
40.150476863060476,49036.15935453483,5111.769275618222,8.802405850319337,2.429444404616602,A
73.52731490654722,113007.3086010777,8406.83732721484,10.0,1.621838117266849,C
40.70890510693167,51696.504022596564,4142.842858708404,9.36006570146472,4.230977964882523,C
46.35565640180599,62784.25023396438,6576.70749307779,6.372151210633649,3.3858567245295843,C
44.54001763493203,61493.89983392805,6807.733326371461,10.0,7.3935313396873,B
41.51391251305798,84180.82191069561,6836.867815560586,10.0,0.5780103149801725,B
31.847307553596544,61499.408602417854,5669.960999523715,9.178403425989512,5.136474428992256,C
42.589692204932675,90010.97719257235,7721.859617520334,10.0,6.675009269635117,C
27.27174785462428,53533.51456365411,5531.868233660382,5.191740916666045,10.569942309685864,A
32.63181393259991,70500.81939965699,6434.045641096348,7.738368765588872,3.5547020867195744,A
30.146364521708964,52542.97646195812,7192.109739013665,6.524193632074978,5.973375813057551,A
35.81874139386323,100086.60761353244,7750.484723102208,10.0,0.411588377687095,B
58.146585666735085,61259.31654792485,5892.1630577306205,6.487754717993024,2.1758686129390714,C
16.32734807408252,62810.98469044667,5904.921165722857,9.276791958528563,7.5343231273450995,B
41.86260190374514,80437.95416585405,7491.622537658817,10.0,4.983319119055788,C
18.872841288103483,65643.40710582421,6156.977774122504,9.32497470541721,8.535538069395269,A
30.280681342105666,62361.02578788721,5666.224347124411,8.543677824886611,0.8797913330907523,A
45.889505969673664,70997.44248883544,7408.399748914418,7.068062113090648,6.5597064185862575,A
35.64280019095463,68478.57217516395,7563.694445811691,7.153652159570151,10.60645352163156,A
24.222552220706937,59906.246085926134,5221.838680236924,9.869740662241307,6.259116825071798,C
27.846962907400318,78381.6682056238,5072.041388444818,10.0,5.829744516773147,A
41.79597748934676,104055.83376854364,9082.151921875173,10.0,5.025668242473049,C
27.696333682828634,55485.79006629682,5149.810694440681,7.147425184666005,0.2873556286222634,C
37.16458589581975,48035.24825422371,6074.718973565645,4.363050603044121,9.066718807131044,B
35.45571839903814,66403.62847425025,4740.519374141374,6.713902795685854,3.167427080584803,A
28.48399652394183,102937.63832678569,8665.679777245972,10.0,6.513449769149051,A
56.439440893253256,66164.60192708066,5330.2416925365405,6.387546739850333,0.31089708028623964,B
41.33919022318011,95256.34719325107,8100.808393912802,10.0,1.4616210064766588,C
14.74857413342393,82539.79927785859,7416.602889762357,10.0,9.305262197666707,A
36.86454314769428,60128.44794822722,4972.076792922052,6.124038395407922,3.9580931331264715,C
28.38213535231612,72725.81386393719,6271.504588661719,8.913356405368484,9.359826428127633,B
43.52433334796224,96188.11602090919,8150.006249001372,10.0,4.765308022824446,C
27.074792615672994,57850.48019302419,6091.323806815556,7.911272992512085,0.5256933188735724,A
33.85263558533101,63872.612391130075,6594.874729678191,10.0,7.676202799195162,C
40.049872789804574,61299.722685672634,7542.405257971778,5.562087245966339,3.2303230467331767,C
43.657551941701215,56607.425010457606,4749.618270164351,9.4184640453487,7.09606644055113,A
22.997035929442237,51759.35478873101,6887.62391774696,7.328765133341855,5.075632602620247,A
31.654987641590516,47468.389819361415,5560.233130173835,8.531299723223082,0.3706453161713892,C
30.25054688839044,65636.52546808361,5366.533847442185,8.94378700095305,5.492884296111707,C
28.46670767426288,52683.75537125182,4288.973479185898,6.534453472897597,11.588669426458397,B
52.65454240281097,79834.05987826671,6861.848273699735,9.335197582602346,6.478959375543377,A
39.049817109609556,46186.47386175037,5982.874511528141,4.5224715159900875,4.827446740983611,C
22.391160456649548,66158.78371154163,6331.186823765844,9.212810436434173,8.226030205870693,A
44.17861947054776,84592.24415940775,8422.554461635757,9.676849906956177,5.632005395609332,B
56.22156197012633,48204.74634649133,4290.311833130246,8.368227570289221,5.628602690788383,C
45.32465260551147,78273.17485046931,6579.3110782583735,10.0,1.7251244835226922,C
19.806300340459867,78318.1850573293,6291.681885258822,9.46733901318103,5.701544077368795,C
30.157659271337486,46934.21435530066,5604.767826858601,7.568844847462447,8.106330249250835,A
47.669111491866225,98923.14154849866,8795.184383570613,8.624554572432995,2.491813543699926,B
27.923305343812192,70246.93781239678,6008.519121631071,7.444015745146261,9.273487463740842,A
39.43819428146229,59143.91930435501,3935.4268603595115,9.737297895483746,4.724881927564622,C
42.74634053429337,70536.6341022811,6425.421269846302,10.0,2.336691465384378,B
25.73069528421917,71240.25132993542,7001.816975535513,8.20484691202869,7.992896230760733,C
34.404746439382,68342.45409087717,6669.36369163605,8.486126825423769,4.139617292785192,C
2.5873265993092716,59375.00318635017,6963.214013562346,6.611828596826859,7.278544662458323,A
24.756123586657104,48567.95789713806,4711.149757163685,9.18753316275807,4.124724103224389,C
32.4743184860684,68777.57160357537,6736.543402295072,9.437003815716436,4.820521569410289,B
22.522168180351507,40055.36663660105,5819.875995689873,9.914594486525678,6.480680613002875,C
51.32411303931635,73993.66559942767,5368.278068983524,7.382198664201775,5.8726911727700175,C
20.698586220393672,46790.678488224985,6014.89968005578,6.7725220758839235,0.9865953413552155,A
30.59955513303016,54266.82842766859,5282.381089644996,8.060510305171789,1.6362687797168247,B
36.30740577286091,86695.10051458701,7387.764110832821,10.0,7.788229954372446,A
49.412732890661154,91076.01825424461,7810.547805571203,9.230299456390782,4.603590233295359,C
20.641378488205607,69457.76105771045,6471.554320545941,7.163446417204972,3.428806091685735,A
46.63163752154959,56931.12729068611,4956.545567811965,9.168667657919663,0.924277954227577,A
35.10233061019587,62805.03855967591,6186.498070908086,9.221954971802168,1.7607910361724546,A
25.18491348952049,80788.922244448,5844.5405544197465,7.665034961376813,1.0653959198858427,A
39.62103474263271,71936.27107591493,5226.839136580255,10.0,4.696157843895401,C
36.9905969557347,103285.24157759277,8767.253115868403,10.0,3.2046872582568593,C
28.997831228412053,70398.6832051216,5628.798491358647,8.72137890612777,2.1002363270440547,B
35.69802084990019,70729.74717230056,7012.569971793957,8.655884152179082,4.79562972449614,A
31.1468640313824,60936.68505265368,6395.668468907895,8.877920909306544,6.0919118925582145,A
36.13517345251248,70070.70029799048,5742.549518681299,7.210980409515137,11.279593796629834,B
41.62130674521047,68523.60582689708,5832.493541870043,8.471227510090976,0.4643497413103592,A
50.86016816145352,86051.71423105561,8359.898106240693,6.074010394639009,8.478143129901566,B
22.62184501173151,75661.45725778452,5868.267474054705,10.0,7.919304683045215,C
56.330333746562665,66375.32496566209,6006.289353443715,5.976526414620315,2.6627217818698985,B
15.479122004774982,37771.06669902082,5210.555314541434,9.14368307759454,5.609707863758093,A
33.482149049644164,39197.993928272634,5504.5084072937625,6.464719555463956,3.6271002519871542,B
40.883172064845766,78061.45593611104,7065.621394410021,8.585572323908787,5.557065741256217,C
37.809918677350325,52354.46024606706,5375.151849186908,6.676122153176594,9.527393040213653,A
28.773004801794063,32093.14350660979,5769.902394169142,6.172598864447375,6.816818697893939,C
32.918777496427246,72288.06781617808,7544.680734658174,10.0,6.525825119700325,C
30.069990653411672,102429.98808819769,8832.384000384807,6.389786419607265,3.709072040136073,B
29.106352430557884,64462.11254218055,6831.965654042064,10.0,0.5478300052269942,C
43.496020970210246,84325.37210187975,6523.523694453304,9.723303826746548,4.374595368378777,A
38.57015485965047,70512.51780803871,6081.913879567415,6.715093418616112,8.619824464591746,C
28.07090404739346,62552.10722582959,6834.005125894606,6.514636771717623,0.4184964302310572,C
43.995998754332504,85784.14662198279,7667.718690981281,10.0,1.8347318954699148,B
38.072995208766095,64682.379441553276,7187.033520061177,6.815858652163566,5.378803208702204,C
43.1286211883896,75575.19530527334,6812.057372936,7.048733999369729,2.046035645458213,B
41.29628841923612,75473.61130255827,5708.048965441851,10.0,2.622429658654362,B
26.710049890779278,53333.66814074391,6345.290300650821,8.174512721466067,3.7292042548154685,A
29.398189598030307,79579.73004206299,6215.768090629158,7.572098137298552,0.9031477874295515,A
42.472936051232615,68612.07167518517,5873.462498279505,8.755541046866187,2.077634461350895,A
41.10370265433465,59215.673934774655,6107.896353646048,6.422154671278316,7.110283750361926,A
34.79098406035852,75443.13968373531,8375.434786994148,10.0,1.077890653307108,B
36.17327383308782,54609.61718967835,8272.134420497066,9.322537306793617,0.20638359651548654,C
47.77664895788425,74311.04183947905,6977.966101812416,9.513561390206867,3.109925061398317,A
29.084286111641703,64405.3581061578,6313.09280008385,8.762759497178415,7.195866507529537,A
40.470973811700375,86523.92039332385,7634.421581504238,10.0,4.409234576009331,A
32.97807347566106,73609.51023102982,7055.70596015991,8.680005002633829,3.606256765653145,C
32.8231879677278,66036.18960268675,6023.470695695892,6.528998292003135,5.133076392546821,A
45.9877685198719,85260.37874794025,8706.063083932162,9.937229806645473,0.2371222985789565,C
43.2541634898803,92480.19498019986,7840.184242997467,10.0,6.484116961325097,B
43.135096360006386,79934.70277528113,7667.356090774188,7.474595898985278,6.150305094210933,B
48.05478807154329,74182.68333342235,7194.583800967515,8.16694001663014,3.772074577712836,B
35.21003841632759,47927.475722911404,5709.719149763381,8.02104284329775,8.01777353538925,C
41.81952971294964,54933.05991034424,6197.168519646282,7.665795722008603,1.6175117031408837,A
31.89733243406544,61370.2956517127,5738.822933925676,6.595059412019663,8.383726979760707,A
38.24166352488442,59978.14873005296,5589.127846161445,9.681694220848355,5.463480996785753,A
33.698569456323156,64044.715183379885,5238.106827332806,10.0,3.9903422303654796,A
35.96995964992718,68834.7286984202,6412.402480724098,8.735933623456871,4.940379093895065,A
40.95157025436914,78421.17644253554,7833.090463947486,7.564956387522776,4.678205702567174,C
26.817793167665275,62351.414912946275,6238.253045677611,5.794129958067101,8.66084868925315,B
55.92387275685461,85259.46103582034,8484.311396595105,9.649937023622789,1.7699626175869598,A
24.93982618500298,63437.02931465329,6239.043552884628,9.827667480707051,2.7124422825602053,B
22.85811387212268,31797.058440753266,4885.534660788337,7.3026045417807355,8.108908676217439,C
46.581108735000676,59200.52346021903,4787.963516448873,7.956420411632671,3.213395194448422,C
42.91662693962936,69297.00013399044,5730.380728179868,7.580942529015563,7.701599231994775,A
41.24119817052155,52475.177942644164,6324.388493765957,5.985513448055074,10.098307949026129,C
41.2834550926428,79640.65849626447,7552.277364462475,10.0,3.794614919175099,B
34.87753227153085,90400.02862092089,7870.281891409365,10.0,7.0440869797259165,A
26.027456285141685,81295.15591803059,6808.607381288902,6.74616311586543,1.5389231559804246,A
35.75804558193726,64677.37972701551,4835.279784320343,10.0,7.264199894203427,B
28.228382884878883,86475.08349518874,6925.052220057069,10.0,5.598271957960302,A
44.75119733417751,74605.61052512043,7491.213988099548,10.0,6.419114846480646,A
33.52942618497861,61708.42352571872,6451.544521414126,6.072229553558262,3.063283783893815,B
26.745028032074885,54171.47406292335,6231.572723051638,5.659837470023009,0.016749753298482162,A
31.786141583470066,61356.025494413116,5911.902546467692,7.844347310069711,6.5097561942485145,A
39.12931454275624,63742.00499325969,5916.432432872809,8.941276890005776,1.190209457438364,B
29.36275447196025,67237.62057161244,5473.981169120042,10.0,4.047948523272396,C
26.777796044335687,65797.50773791582,6404.223289470379,9.348993757618487,7.823545599259909,B
37.436872114919126,68764.12635976079,6671.3708696045405,8.07418440276999,5.575693207619108,A
37.44966571108723,75278.90540173886,7097.3642860025375,7.224391458588105,10.84502793436944,B
29.9305682462887,82824.97824493947,6594.133632616272,10.0,8.07532745774532,A
30.28961694381677,79388.12050352825,5495.412848716849,7.52234788655034,3.0383048350232706,A
37.32049937357636,46386.780160039634,6442.667219326566,9.762041840160464,5.081940139554316,B
20.519156585026757,21950.761268984057,3647.5075011535787,5.670961089039439,4.857887892366692,A
20.925362256234447,74477.47979670634,5674.869155962428,10.0,0.25346970996161833,C
27.81555778747564,43404.59841750651,5611.6720287955095,8.188626855964243,2.1788032505469404,A
32.86552848288153,63061.28321305051,5719.489769933809,7.947570926488838,3.3177172790604192,B
38.10907565598005,51502.842437099636,6291.664236636668,6.796047564115792,1.1086615085678098,C
49.753562169495524,47847.07452104747,5746.414704934083,6.880991910033254,5.142480404754929,C
43.576596232020194,79910.23903908192,7411.674831369517,9.637986990516954,4.252784466040878,A
33.40061470036573,78087.63475472257,5734.30884559615,9.020116482062704,0.018681703934722904,B
34.80983792097311,58757.26294958576,6780.310116025297,7.0471460353762305,6.212638595831996,A
24.97470635362191,23621.7187946373,4431.750866444068,5.932638824255417,7.147618234072878,A
34.8148686400761,59213.76759625081,5737.3404115965495,8.078553924391265,5.681103436594666,B
32.11341361079862,71933.7668864375,6529.270100759179,5.403587202699657,4.0277954743730895,B
38.227185603380896,46929.91927007852,4179.720842386677,8.033748135686974,6.774326455255565,A
26.72769056447677,66114.24407892572,6436.621992762701,6.836130366871076,7.040661081430073,C
40.193465142411725,69867.08483361093,5346.296912371822,6.763355636871929,5.9222107091590654,A
50.32738913002578,83853.06705902921,6186.672738549644,6.661636832285395,2.5261632486957173,C
33.91239851543143,68749.90478392801,5056.12626333922,5.746656492394565,5.829802296533542,A
39.01711722098941,54912.52449727138,6700.035219006986,5.712454970195136,8.586441952476438,B
41.90143991711113,88899.29248352294,6460.820189001809,8.38143318773041,3.2101128241648094,C
30.987795281141636,63115.95404516627,7661.271058488127,10.0,11.293818017397294,B
37.24092481810417,68210.89431640311,6116.362226986397,7.62172520197735,3.423107198043847,B
35.12592400781795,53563.94261781103,4012.2154549835946,7.944822290292598,5.0972210400204085,B
35.97676098548832,61339.146724871505,4877.982359515391,8.667679416003068,2.9825432119809916,B
27.269902161445337,50362.91037031916,6841.247995341014,7.714743297839731,5.669812507760783,B
35.245101742589426,65028.359972443366,5979.2234755732425,8.135252807533178,0.22666507790582546,A
39.979982912454496,95665.6186583624,7177.814125979115,7.990340287519253,3.361874603549836,C
49.51143607795042,54177.20089500486,5383.664206602617,9.885251367169062,1.7236363989542984,A
44.59270826085207,48092.933162274916,5735.9172059274715,10.0,5.406015043676873,A
56.531824575115564,100333.46719996192,8865.048489752915,7.4926853188140665,7.983342126526722,A
27.326524371119504,60523.40702828176,7328.068354682327,6.490127465084519,6.938018561343655,B
43.723206367206785,61825.51210370465,5523.645002917068,7.671560091619723,2.114978082576677,A
36.83342005738352,84015.2803396329,5835.868509667893,7.753957324616358,11.126208958783641,C
56.89802933217672,69364.7815700354,6227.659476558445,9.227187408685568,5.885839821862605,A
26.917017146448487,90848.65427642828,7952.003133333136,8.450024410211494,2.670502578520999,B
26.60278157819224,73470.27885918516,5588.2763317671925,10.0,5.4713837569728225,C
29.00607354555978,57184.36565059435,5309.800367873631,9.645041174045112,5.528569467508078,C
13.76104275690193,89240.14457743353,7744.54590240895,9.78086827482,2.999453849145309,C
29.74244978319239,55785.501046546124,5968.714238885874,9.329754447306906,5.593750002026226,C
27.40867338446302,74835.76727237111,6753.981887644301,10.0,3.177583137139078,A
36.50393786476208,72741.35763847842,5525.816030666277,7.7911466498365565,3.786914021929932,B
38.41755975777159,88734.89921986776,7222.030913165567,8.21241909418044,2.9411625927347465,C
53.761708392158866,100303.52214698223,7487.818355668723,10.0,0.7019861307810418,C
44.5042383818605,72732.18142691675,7170.018596428924,9.929063258092754,5.437509410646152,B
29.23096344337597,53314.21366649524,6416.3171573222735,7.874301281304889,6.755898309549014,A
26.01585328651642,69907.50878734495,4983.198448866578,6.129880716080752,6.5446507882291165,C
39.919191715065054,59793.865311250935,4666.181801434923,6.785456599636284,7.459775757905703,A
21.797667929793576,91099.64267779613,6692.028244905238,9.444022838498238,5.973020630044605,A
53.31458765854354,78705.32379551283,6234.971906270688,8.821767783286896,3.4018235053492893,A
46.79440120721287,67917.37733392481,6430.265577358511,10.0,7.518991593293567,A
30.308243478952953,67924.32632745011,5219.15991338404,6.317234402774009,0.9274473804741952,C
17.868654709091224,38727.433011600166,4450.407611351629,7.69475551333382,2.29798585246256,C
48.538723741654124,59695.15129316729,5262.802891478782,10.0,2.1073997857302658,A
33.85460154747382,84933.5093929033,7365.504478860125,10.0,8.240168177417932,A
47.378163119734616,63835.66737529637,6068.555819889963,7.585187233988877,7.828365542420227,B
19.05572341205633,43824.19696579907,4773.389945896579,7.928354027370253,6.461915711134985,B
29.006249770462272,72552.91617314043,6394.414245577616,9.482286344454993,8.215789595635393,B
35.05243699718183,85311.78081853587,6957.42305731216,9.55881163825673,2.3621516527640356,C
35.46980593764742,78519.20262879971,6488.827092868169,8.777692329581026,6.045785359582942,B
30.499345285207564,80190.38792969103,8598.73780111471,9.66348248073462,4.624476714850507,C
41.228499323474985,59262.32333319558,7067.744916624596,4.164747038830251,7.540646311654742,C
24.323795706174057,40834.73785195937,4130.896656625912,8.064841127691915,4.6543273023434075,C
33.576205149787064,89308.10735422584,8145.589064779576,9.654672223204242,3.8451713347697565,C
36.20295631711899,63261.28057592746,6461.705853361448,7.829351683628975,6.62272555568297,B
40.14438834058749,66309.69892346804,5224.72848249224,10.0,7.628507501573699,A
42.1161487808889,90980.98651818032,8338.549308435182,8.536648297723188,2.994964415459595,A
23.753579081621307,70220.23968182055,7774.688682293038,7.906398000493481,4.816772985942872,A
19.658858292643778,66667.745727546,5671.549422442904,10.0,1.824678099075042,B
47.77676821898509,106363.4192830088,7664.823619946464,9.070079006875655,2.494183052478818,A
38.323140119795916,59508.79660419581,6596.22862554406,7.150266905804982,5.601378894241187,B
27.515134634434464,77675.16923843579,6941.741883038181,8.663220326775514,6.826716068763895,B
50.51151975522523,76110.95675106888,7267.3123358497105,10.0,5.786200427260177,B
36.156746342928585,72107.25735441314,6415.025427641034,8.917066628750627,0.8486851532631015,A
46.792971840638266,96323.51231650711,8463.420729692469,7.877237595096962,3.9474517097705766,A
35.67518481410109,75455.12875139489,5799.92808219639,7.9745035928789605,1.6550432801532438,A
55.60747924881987,85878.18081015443,8377.170125214654,8.382877390689405,9.109103322962554,C
52.55340842443204,92364.31427186306,8237.766919373538,9.502384145758583,1.741836253645742,B
32.51035851520926,60780.88831446135,6104.4448525396965,8.67780990366781,8.76621082837969,C
44.71570950954356,59769.70974468668,6400.003709588794,8.615794121066292,7.837608931052436,B
41.45375949585147,55054.74183761023,4263.675418760471,5.0887194608079085,2.298228942391815,A
48.68631557532349,44847.80894702172,5808.074611146108,8.83830192869237,1.601645146196765,B
25.350765394198955,93518.48964620431,8133.792424618989,10.0,6.051110649159015,B
41.86051459998439,54382.13181416695,5360.4670074592495,9.795904662099208,2.467027888450787,C
45.58424486849588,69473.31808046135,7471.725386289844,9.139963394959075,5.307453926474623,B
17.412605135768857,54554.10306955062,5627.164009661049,9.379689590081174,3.551517227579245,A
23.16741487334225,66194.80790380764,6641.199825371493,9.009558362365572,0.3434752433969006,B
14.607678222398995,69539.89729928895,5894.4466980618,10.0,1.6914040573733775,B
32.305931655554424,79060.0681531734,6600.809005601441,9.736379361685337,5.680052745483792,B
42.17542255795962,62341.549700445736,5678.642849410089,7.970204615357931,3.315326761008124,C
50.02357052096028,72504.95955368396,6832.813794434702,10.0,3.340730549257603,B
35.74094780419775,72109.17315942337,6314.914170498936,9.939014341391006,7.087591517281356,B
51.286155455712915,71912.71083510325,6347.142767533008,9.456252173261783,8.520326829897336,C
21.198985417851084,84709.67634922542,8058.240441808854,7.321027192653768,4.182365835914572,C
17.966175606448452,66347.712077798,6074.153076942515,6.384924177694593,3.9782038792704153,C
34.44452301103381,78245.42829626416,5798.637548409069,9.351344638025989,6.500429099341652,C
38.840654489393074,79363.54627470773,8343.21715002927,9.186459110387748,0.9291932909012743,A
34.67305251905907,84938.6341218094,8472.611022638528,8.325747858577996,5.669459164243091,A
14.325578999601234,59878.11288035622,4870.965427327317,8.205379693435901,6.655657915466462,B
34.10879960487212,47601.920583098356,6342.626011368392,9.763036421220312,7.040690625252887,A
21.95530499495147,66972.97177376536,5783.759618222795,9.391752300513716,0.8102581075073942,B
41.69672548830039,61078.00933727276,6685.749725020149,6.3423877022345305,2.715934190573178,A
38.66598246096848,61403.74100423789,6312.543942840572,7.902923809497479,2.3652102415296,C
25.60120213672645,71596.06134968963,6117.174649317676,7.37235334620564,5.299660863227639,C
29.861330826633065,83504.91148482106,6821.848911869656,8.593695699628212,6.442233739303952,A
24.407864781110483,62523.00604159616,5598.897737905792,7.505726803635344,9.490131222337943,A
34.37320902726828,71819.09970261861,6028.2262724219845,7.874486611224923,3.5151035588957806,B
44.551423205012384,97808.93577203478,7469.760205725903,8.007743730641646,3.507282505072358,B
25.142739536644562,66182.6674606508,6322.981851822061,8.117651350755255,8.449016056636241,B
40.040465155178445,109045.47929029514,7761.217804263593,9.611362509243792,5.889730815590915,C
29.69742381627559,73331.35659261096,7407.352157734494,4.272394794627146,8.802954533563922,C
27.071271677376558,37124.19445135101,6046.157748327211,9.935667759320046,5.866184009029509,C
33.929696400454425,78264.97251679521,6586.3775964654105,10.0,1.5286501438601876,C
24.647576775806257,68041.16416114478,6162.835693727248,7.8376071206697455,1.0006149356665803,B
29.463506946528177,84078.04478450528,7693.046670869582,9.232130813836163,0.34546325282321266,C
23.021221074111516,71608.33080610514,6830.301192011671,6.822935019328914,6.98615550427542,C
54.64725132916389,75246.78590482534,7153.7654370098435,10.0,8.565790469261024,C
35.35263551971729,49311.844215518155,6184.355615041504,10.0,10.548086424159143,C
28.002744920074143,60866.02360074669,6477.071891351719,8.27834177240712,7.5293159969697205,A
37.13979910734222,55812.09274053162,4897.736697834787,9.325900603304598,8.488515732604958,B
33.8767195030917,58230.50800447501,6407.162081159825,8.174455568624637,3.259951002038946,B
32.79030400466777,75223.82806864302,7795.675411351156,6.756103245118255,1.5307525497684296,C
41.14166700043425,95619.40106548821,7568.615253614927,9.163234999828925,7.55023799725266,A
42.57507710047305,77207.61149758124,6969.313545346787,9.058272525036998,6.253042256718202,B
29.694988523894725,46909.2483314196,6210.2063245345635,6.663640838455813,5.322333123022678,B
29.2418175935532,71289.94882007872,6283.216745605941,8.236517524851383,6.16211444189897,C
32.24948302848356,84074.21381392654,7902.670415664141,9.066611354432656,5.969556447374618,C
11.98078835264415,46843.65061153134,7241.46547601784,7.220864783778375,8.851450579560684,B
19.84808937801448,57913.78718891348,5353.8887410112675,7.974077095191899,8.884956754450867,B
48.66874267444525,74554.69425816058,5544.101694136386,7.136827113313128,6.632661057021041,A
51.449677135012834,63951.36387127281,6548.176708121237,7.122043969871736,7.537408617688785,B
32.50963960443622,75979.02630987599,7437.4792160093975,6.872074916943846,6.542187657274328,B
40.765569630557664,68568.56258616211,6044.07367517408,9.895151453837407,3.616490803896143,C
38.112501545435364,75349.2374313231,8033.829005713326,5.608991458805669,7.269694024739421,B
65.78880808455239,69582.02137524469,5580.9220774879395,10.0,0.8165147934222148,C
46.195749114345766,66536.00005232173,6915.428764559454,10.0,8.16167465688765,B
33.72082408519233,77696.13241001274,6630.647584545861,8.431535740026705,1.4164311807018946,B
25.444595593995743,57129.80051562136,6988.511592047515,3.95178439404012,5.857409860384199,B
18.935536797424277,85372.22616721322,8956.213675321527,8.726645465409725,2.464538124721523,A
37.03463635867223,62522.77539511708,5278.757358249822,8.029862527822626,6.66016694922328,C
27.436492547156966,67088.51715985677,5691.963877619357,6.838528528099468,4.898224322216273,A
20.77746290402326,74377.59393010798,7280.363839341683,7.946052105793035,0.21573212551000331,B
28.534271157574736,42991.64958479189,4651.4659226931335,9.44487527753462,6.262098893055437,A
24.18451996385605,35680.12780221639,4638.078252016801,7.781397133563431,3.2662376695018684,C
51.871416350725646,53050.86345681141,5630.023847132261,6.26569700127342,7.643440162440108,B
43.816397569494505,90846.96033615498,6174.040389115901,7.1459492624146,5.0039770662032215,A
34.92027358683383,59182.264605030214,5883.811225634981,7.468587253836854,6.186262956164114,A
49.79944138890026,113272.7099794739,7794.728138368438,10.0,2.1272931349543645,C
35.77368307647618,59423.127558377266,5804.6716892980785,8.715455158963838,3.2320033057179143,A
26.387157986717362,65961.84854131423,7285.580003117755,7.495117358214223,3.6240840916967465,C
50.23124077269657,98247.26967486643,6895.413882898992,10.0,7.570107440727667,B
40.38910043684659,100285.94354081013,8754.16862782703,10.0,10.032131263416467,B
24.627538456735437,93236.32287791368,7478.567883310793,10.0,2.5844847447713715,A
33.09661321916392,84673.80006847909,7228.717778131581,9.161557242427795,8.23054443397304,B
26.24381746615243,78482.84662024815,7652.240476532329,8.649416624432465,1.5090322531771063,B
21.17200269035664,69473.90558319607,6573.474398875494,7.938685577889997,1.417431796723132,A
44.26177547531641,83806.30388015778,8082.518026581846,10.0,2.1236646314396754,B
54.094166404701305,68779.29745742265,7252.379293965068,7.497994703944179,0.9424739316778332,A
21.01432426180859,48234.17887956969,5117.194192107526,7.479543007478458,0.24923483063725982,C
40.62969236690571,70264.22932228858,6216.207163119343,8.590008318936057,6.238996736413393,C
28.49357430878173,61694.017816516935,5266.470658765623,7.332024601608548,4.357796906816416,C
30.12874616235304,58265.952341267395,5332.814831668071,5.854599295237218,6.138216192815329,A
29.07606075761131,74983.84209065638,9606.904444499936,9.233653859959322,7.071418058364539,A
26.36009230320184,77509.62428015858,7816.200592946349,8.783975256224853,5.7968509795176,B
35.48521627944827,69068.71143410185,5309.023899935196,9.203796275859947,6.973289528451121,B
26.69049883588962,85508.20063377374,6240.759368696324,8.475009572029936,4.791403141273192,B
37.704568257798385,51726.94741689661,6186.143407335831,9.417579319064401,1.439019835082766,B
34.49761890550863,64343.91756355854,6353.700910042221,6.90203520636016,8.17344254246239,B
32.6105195313359,55552.92495662587,5823.642137789884,10.0,3.2326636016566193,A
25.924363379584022,34964.13243369611,4426.818932717818,4.1267518569424135,2.193211103712722,A
29.232286694316674,63375.93305951785,5741.648653161715,8.820951749811229,4.466246372586806,C
42.55391225825756,69450.74350337952,6649.8745249913345,9.18568319895891,2.261567242110461,C
40.009171876243805,92706.33208675387,7804.530948598216,8.44198100242637,3.7477088540317034,C
25.22444755201449,72074.39904432891,4650.129881307965,9.240310859007964,6.032161764690399,C
35.99332305429226,52633.85916220806,5162.48793829398,9.550970962750641,6.045025217738381,A
42.51387123371789,99068.32411187177,7286.158490528407,6.628187946562493,2.306509800723112,A
18.305947188786284,77468.47902727344,7186.101783413516,9.627541162599893,3.5368838811537664,A
40.43360192379935,78948.26651392892,8996.625840075852,5.207507095201329,8.22299901431073,B
28.373762410541534,60789.61972252329,6497.512798166806,6.590983780841352,6.489200353201824,B
40.70598668593159,55961.4047921136,5710.707731415427,10.0,11.225195118045626,C
27.36740843457483,58100.602576221616,6833.288350824208,7.032357078723,8.540384521224583,B
16.95117899335481,74806.8187922402,7370.187292353718,6.979520992998551,8.432879205679818,A
18.724575621168373,87631.08239960331,8158.032497273562,9.084647526503144,0.8363943486325942,C
35.48084946661382,90889.07765738975,7958.715947718213,10.0,7.291581054900268,C
37.59722501721482,61465.871181813294,7740.442726969871,5.325770188281625,4.840679594909268,B
25.956833748955916,46184.15537514279,4321.209333846801,5.732242901298123,3.3470545893852512,C
41.38592458777374,72806.25599755492,7019.613830278072,10.0,5.504046021597586,B
18.3847993773104,32665.809205212427,4198.760227402653,9.41984397556722,7.835634603834451,B
34.33920201352684,72017.11671953514,6776.263056264423,8.445708999541331,6.502494773012635,C
22.889838002375434,59230.88020670768,5054.384866713393,6.102964956545421,2.36457859597382,B
28.48163892197841,57250.27193296557,5804.056333065123,10.0,7.227376740777861,B
35.47398671316414,43816.447347580135,5158.757737369099,9.582485955002802,3.0872373737721084,B
26.395866347160478,70901.93477212598,7253.123784718651,9.563517220249649,5.6500493568928585,B
31.154444557701748,57586.7096839222,6784.979439574186,6.66073196078998,4.089949797568598,C
45.0629280921444,54982.71151041788,4820.804842862193,7.675591564263839,4.343401244793123,A
29.231081304768512,21531.607453159515,4420.582583258053,5.836040251090729,7.298728925121528,A
43.35692112065142,71265.73698456617,6010.524884194326,9.059563806151676,1.8794188405523062,B
23.70293145342382,88435.23967675806,6620.084478072153,10.0,10.8355852228308,B
40.298041779152825,95067.90910779446,8108.18419714875,10.0,0.4632582078834888,B
49.415686206579004,67851.39925449542,6265.403562969609,6.776505847247634,3.2069969502354287,A
10.283554998727105,46108.59659393685,7256.668651932229,9.37017450472615,6.110635669825223,B
27.031047445295233,70547.13756377297,7018.214135521402,8.99705508820838,6.752942499305929,C
40.7707212718054,55409.57904807833,4595.32878015975,8.80107764619229,4.698572838284885,C
32.96954613957007,71011.65156707703,6576.356916122045,10.0,4.827827890995373,C
38.71145873371309,80846.9335426269,7895.4675210140595,7.374976302861018,6.231650255982849,A
28.960148132841795,82884.07242468551,8760.371175485114,9.09046525317458,4.306791567626959,B
35.865897874729,66430.63779016522,4885.607438713887,7.524350062469439,9.179543773804717,B
33.44322764607921,63666.50757038512,4898.829908729307,5.831536240471072,7.518047342694807,B
46.67782061659807,60169.17150695062,7678.668198210505,8.528523541754911,7.618473053016904,A
37.54420843301213,56368.898905908165,6030.665412909313,10.0,2.101529829888749,A
38.37602662075202,65790.8299318531,5710.197580116047,5.529424879834027,4.761834726782891,A
30.881230338775325,70951.09777163033,6673.546963836894,8.49913397200731,4.098602153837889,A
30.123937759275066,78765.73827313627,4866.682837457944,9.899101316268974,1.9831958729316028,C
30.67441812180379,53289.524800696716,5757.727915727904,7.849093542519108,6.080492551837301,A
38.944521423782966,91862.5892462843,8196.85236250053,9.423437383540605,3.3870627266605506,A
30.79015519179737,61328.22358026016,6651.663530097534,6.117586633844271,6.966211489550711,A
37.89774856896413,68628.36486925551,5364.6309558682815,8.780598357873021,1.7894253113170047,B
55.75400798645439,66668.82880600984,6222.905577238172,7.198295474776602,10.157121838525462,B
43.711247034316926,35492.01961306434,3766.947579742563,3.489718423185387,2.3110020242238147,B
31.73976467832159,79130.56328457655,7428.166640320078,10.0,5.657907011601308,C
47.012139221639444,84558.72806720622,6821.3872044746995,10.0,7.3755779311642025,C
30.919246269784487,61239.709778119046,5799.548133167541,8.139476954182573,3.2880787093996617,A
14.618754648221461,58314.23808248381,5363.318577429038,8.259323936432745,7.557405930298852,B
24.91913689082596,70198.65671097446,7057.633505123696,10.0,1.3124492065987514,C
16.292080789741444,34707.85254157258,5403.131190863808,7.071902112245753,9.356353097547682,B
31.484865159586914,57806.64241959903,5636.028141203268,9.246358453121925,5.042447794897275,C
35.184183791895514,79506.06209027517,6943.815302206268,8.529079803202983,3.2107657760933614,C
51.76437312275283,57067.845213837674,4384.958817723243,9.821367868552803,4.102454682717696,A
38.269273737641626,73538.00585132025,6490.009926882051,9.158078881465038,7.4267578081781584,A
32.80899471191136,46055.7702866046,5254.558038654025,7.593866429739042,3.2466341244486854,C
43.294055811834895,78643.47764242034,9177.880499760573,7.0270822490529685,2.751926931731667,A
12.88864690992115,55909.701220498326,4924.616139693308,8.22591884247748,4.3353902072487855,C
37.356145581085656,44451.095551960185,6361.35582828614,5.974622401356333,1.4691136616900957,C
42.708651938869664,88825.4162862924,8064.5192270857415,8.483846724521879,10.461631723825446,B
20.214137542201584,49088.195119130054,5693.3495269129635,6.231346313482321,3.3008162263558303,A
46.43754043206929,61064.98366081893,7607.793016560286,6.453896785192108,7.4948503585412105,A
38.38496407494414,72201.01999593622,6679.06757966553,10.0,5.628410250943318,A
30.847120860991986,82653.12067192674,7461.478140866827,10.0,2.0463978485540957,B
41.32781866106285,55426.58204585547,5775.441170184634,10.0,4.982135872361812,B
57.70692857804396,79778.66203674156,7824.1752510483275,7.154590572503731,7.352008337932244,B
36.81866255058495,74841.57878025106,7501.68306507966,8.848959563878891,4.43521599474108,A
37.48220586300336,79137.68704044884,6502.464691778715,7.016622914216298,8.579338837553085,A
30.40639100459756,67849.81883145716,5110.408982235319,7.348948625777262,8.06454617834559,A
26.501556305352082,57745.3605664262,5794.868261454663,6.510077553196448,7.756744563974988,B
43.303358165442454,59237.82577299043,5142.789562399565,9.821267298311863,3.621029683181009,B
26.439161740911327,64511.739116151286,6387.338034721924,7.631242438654924,1.7604726566555389,C
35.715662372193925,51775.74600631286,7046.303357140615,9.191356300856667,3.1592371839116167,B
30.223425532348834,21291.455513755303,3526.580091277969,6.970754110070542,5.588722822000161,C
39.78979825746392,76443.29619109698,6894.747676980524,10.0,6.637360140597067,A
38.33662105286948,82727.33314272767,7037.436464006696,6.9172003224267975,1.5147142142813426,B
45.375399442578995,37243.71318816191,5749.121199931881,8.751035519088294,4.975660395164749,A
29.89983601145253,49803.9574350772,3439.634722749133,9.209859177354952,5.474267675969553,A
32.30125064706629,75437.93923861111,6382.654077803861,7.3118287048900035,4.167367231053345,A
25.212362842176926,93468.61346676394,7667.859833783905,10.0,8.873821517047636,A
30.557067399238882,65590.43931475056,7198.188213059343,8.78373941027687,6.265340222752613,B
38.77300493044852,58466.45834678724,5323.595904304936,7.58210852740925,8.93057572424269,A
42.56988616645352,68541.49646665415,5090.302752678359,7.191171592874707,4.3521184389493035,C
25.778346758223748,83512.31966633465,7503.989069201723,8.096951806142954,7.812432477520774,B
43.6960592010566,62158.56691366027,5710.031286488875,10.0,9.905199183582559,A
48.55637858804951,62290.30919427095,5093.962526788792,8.115539688149772,8.935080347817983,B
39.13434903223701,62326.021683388026,5593.93029803905,9.28949608646659,1.7235752197138008,C
53.76795812558066,62584.04993890965,6011.133392300829,6.942853424444153,4.238971767372857,A
27.26210800896427,65471.10874440407,5637.394771257863,7.1037760178877445,3.9645058836506104,C
22.55345296688583,85646.90336048632,5559.965745053239,10.0,6.467763605228983,A
17.212797510957213,63452.58785221904,7196.34926299154,6.148265075283654,7.059060665043599,C
49.96044311489183,71194.9190255516,7424.027027134015,7.936925299419673,2.483321977922791,A
41.54365656354058,66394.65924803713,7075.312584128231,8.370774079010205,5.203515541750813,B
34.44415329089545,43774.21451499787,4578.181716107597,7.3557696285099725,1.0597819964684092,A
37.799686263198204,82146.48978880649,6782.900264476701,8.83868456191609,9.32583501740567,B
23.745109527016233,60704.996808316086,5739.021867214127,8.62897951205969,3.4628772779699193,A
59.45751979616826,77021.56119422475,7390.505751395119,9.890361693437955,5.167591819533491,A
36.292211819752275,116042.71942754905,9227.326857798544,10.0,4.071050858035816,C
36.09394794604893,72528.26759850976,6412.794984735292,7.147707666923748,8.438082725040246,C
42.25766623898692,59851.9673680657,6065.1563216341,7.566365721510089,3.5125193241921373,C
39.810092317367136,63509.68221560041,6380.868552865178,9.967628403595427,4.950168973022273,A
37.23884024279131,85846.10575934697,8227.531243482419,10.0,4.682543727506906,A
27.095255445546883,65246.683880839904,7043.92041771994,6.2030450168204,3.6390908372249515,A
39.714683571359956,48283.17211091948,5931.167160629551,7.941378456074276,10.178679636906898,B
53.82024496475034,90698.55650100322,7610.754887285736,6.567589950987946,2.3380116234326866,B
48.454200461549775,64204.938947689974,7529.774812569799,8.280649300475053,7.315388531706984,A
50.93186626639397,103565.39977646017,8409.228555204441,10.0,6.068758366118251,C
29.88784323568815,81144.6426035638,6359.176036291302,7.635393054274711,8.784557757606548,C
25.10395179741419,55842.14746382583,6911.4896673269395,6.540622804953919,2.998432745667484,C
33.74213079900352,86086.31082552846,7999.3030616108645,10.0,2.8010933026287232,A
35.557249122886944,68796.45721935452,6203.536511167005,6.125620588153257,8.288209722432196,C
45.94191518470949,85762.56271918803,6860.511015789042,8.338995591131843,6.275963924990331,A
18.075353702851807,66308.66911084302,6565.423703954064,9.21009516191478,0.36518795996972386,B
50.29550319460614,62452.401772439975,6418.812122531369,7.171191317087894,3.3820849566101887,C
33.419921014210104,57056.71302234312,5715.146982238233,7.498880670300699,6.159147961544183,B
30.7311893005258,80815.00691398031,7341.317455932949,10.0,7.513292664639767,C
24.878956247398325,57417.84814210105,7609.29665893277,8.503211532409896,2.962308040421135,A
18.451433281342307,53170.98969204121,6339.0401782517565,8.058777079045162,3.7427679694508242,A
43.231705839619146,57289.01422956928,5862.353242569943,7.355767292573407,6.5696695572111,A
35.73317967188404,74220.57581984394,7289.931701277435,9.26612046389563,1.3390379301680726,A
22.10039100258946,91988.06928994191,6918.302697419689,9.41380444434746,1.052016394367234,C
22.04921227936384,45011.612425867825,5658.619352090126,7.937289036182069,3.4969777749524233,B
31.642153007098717,66184.36835364073,7724.955958985234,7.56382038000507,7.441942580593223,A
51.69021525289393,97028.4159576784,7493.380269242228,9.577567336314608,5.3858523512149,C
32.40408648636395,65007.42237449625,5590.73933415753,6.765434429896792,4.323030857863245,B
19.96857046881894,66769.86217815548,5503.897572566165,8.285981693898421,9.167073088888285,A
32.54256935914056,50335.38175736708,4673.747971365942,6.300267792425087,6.911974049069218,B
32.27276430252329,72560.98860937638,6174.544781184243,6.956979755225829,9.848900128165749,A
8.031133570584284,51208.40281022391,5013.7738343124365,7.948411862294278,0.8217935834990104,B
34.45705133482188,82014.47560260889,5669.766509421598,9.419833443916936,4.89634812813811,B
32.69065469791322,84156.11812242787,7536.188151620048,10.0,0.14985987515595767,A
41.96206364813418,109824.4864543463,9090.694133845716,9.844535968354666,4.3118530044335985,C
53.48956094945345,85439.27807293036,6772.948528717747,9.884043173901652,4.254152438699968,B
46.26565029547757,78019.76989647128,8085.6161006974135,9.727184853234059,6.879840911789213,A
32.31111309445169,69071.32107088588,6829.808760978104,9.120726765291687,5.136691643425695,B
23.934740912583298,56669.87606413132,6745.640811605141,6.595013279003353,6.8702214148397465,B
60.733598032498605,85444.05666817467,6569.135418977736,9.496248056815517,7.110320399416683,C
35.59218434014488,63365.071017987,6878.373161251771,8.714463994981342,11.464786032149426,B
35.13929291912946,70096.56110360894,5554.983051899379,8.51559575554236,4.054110034141627,B
34.758749128899964,87143.33759856939,7805.266191916671,6.227450392371842,2.1769318980008627,A
36.98084760767855,53392.285324644654,5874.582153012338,7.910348702192453,5.738250845949226,A
33.556395880760576,83876.37635731597,7583.758232478042,10.0,2.5931599185813696,C
29.263379931197637,84388.4159756968,6247.540148596017,8.679361895649366,9.445882305309608,B
29.531410587596078,62994.67738893186,5191.645806942477,7.057618222663612,4.150345883164302,B
34.672467297840015,35508.410163791086,5571.483156344823,7.335443347756651,3.303270896378029,B
29.565752288662352,55665.54633791469,5199.941750793598,8.251844632595592,3.586052836546646,C
27.871542173228356,83390.68928503082,7732.930674765235,10.0,7.155252270414923,B
36.064302276918966,67689.13020397625,5229.65732454228,6.497654276335481,4.526759050305544,A
32.450227825791444,51235.58042847206,5894.481813656253,8.65884940028609,3.0749995396088527,C
50.039929885826886,67448.34112449018,5776.981880907603,9.258050148101706,9.996055752870593,A
8.490301916069882,66854.45135560323,6772.343016322607,8.129502762369341,2.4314904780147497,A
45.91506851922462,81158.53778263301,7408.671676844441,9.565957866014186,5.106698222098981,C
47.46085192497629,70146.44447494272,6033.2650839001,10.0,6.956918454830691,A
14.266097675918505,51630.68266073894,6280.579544305388,8.890007203079621,0.10599466874877983,B
31.573124059196513,59910.18979394093,6199.253189146798,6.280980521586454,6.4407815042177745,C
31.285591340042085,51806.6429025435,5414.9736937608595,8.820569425260402,1.834676973558652,A
20.924883052821787,84693.07686845252,6644.410083865034,9.137620935873848,7.468348342502008,B
27.221833124091248,58776.10952387553,4153.428685375302,8.04811662321705,2.112046964243071,B
23.894241545341714,80204.4985850533,7155.186945960524,9.120020415755206,7.078307095546581,A
52.52270443423623,99081.09299595488,6893.719865364054,9.728690166600355,8.31749919888414,B
44.35678393147461,87153.0554379567,6891.405618688794,10.0,7.584309576898415,C
47.71555094994159,67383.47078420006,6128.523827711207,8.243596599436184,5.753949944714307,A
42.21672064043235,77164.31167526531,7115.363563788887,7.178896391188513,4.306097171210902,B
23.709482287827708,61491.80704805011,5737.643192523909,7.484295568447912,3.2707412709954684,B
29.754797337202262,51321.870757649216,5242.771290998948,7.834135613098174,9.413104072451311,A
39.89374561227918,74812.26203196363,7254.4607894473165,10.0,2.90151433949707,A
22.778721911080545,43703.76408814323,5342.782377251934,8.089830231830412,1.8888017792900116,A
42.12998430172388,88880.1829777854,7477.505184709729,8.168206230768703,6.99610680509849,A
32.59674601841865,59329.113549733425,6800.252002697231,10.0,2.6115895904405138,C
31.251791924504026,68643.2908003446,5577.199242283817,8.8293275064842,2.1498095076016184,A
42.10959968203491,75304.11791420958,7138.223675648807,10.0,0.6691872134907051,C
39.4426331148604,65837.74195186904,7098.285483065047,8.064315447227608,3.551270481618447,C
31.3903383418092,74495.57619303372,5831.539208695917,9.524817676709858,4.751854928310521,A
46.59329803364248,66173.09416748337,6139.22782410115,9.567857465151777,5.7292751829820965,C
24.189366724001026,75164.14282385918,6714.106519111471,10.0,7.85391873289845,A
41.15935606944264,50389.98283102009,5279.9519857788255,9.105551599618343,6.580693770997382,A
40.93101257968384,72361.1999830381,7081.918441127961,9.926355499261371,4.427383341340461,B
31.904535606860097,95036.20278930433,8922.080871045495,9.279180042674053,4.405412970860841,A
38.26133022242118,54125.69524212697,6476.387859600763,6.848665699172256,6.530472406745551,B
22.48886423614697,51078.25756020071,4243.219634504816,8.052824143496332,8.817710488785709,C
44.24027019206901,79828.75284091823,7310.374631546927,10.0,5.3789425984496,B
33.15097863557011,69269.21604687902,7198.33143485186,8.12937975117904,3.5926074373687733,C
29.772769794809605,70145.83638650819,6819.183345559806,10.0,2.0214019967433634,A
45.49009225836889,80082.8530813994,7637.593875761865,10.0,0.664384206763323,C
27.95656309457241,73499.10357571275,8231.659432842542,7.300473800175508,6.998809016130569,C
20.915387036364404,77103.19114752555,7948.147564983937,7.5997785016818575,6.733935570918671,A
19.433708264760963,65864.13398630817,6732.513490413109,8.082644110957403,6.732090575319985,C
41.06009951345639,66911.18493745006,7175.174647319782,8.806978249156298,4.614021660943832,A
22.19570647503717,71186.45875555955,6657.81625902686,7.772472417127402,9.220804237675253,B
52.54794181984364,104772.19993335006,8633.70734117967,10.0,3.5476445162455468,A
14.18070592116278,55100.84676484278,5578.0621737428955,8.391142630519816,7.865807711621617,A
51.96456368290038,61364.342271390575,7253.386508659911,8.127387685930639,4.883771315031371,C
37.11017467202618,85161.29737531769,6318.1183125881935,7.104200582963093,3.174947705961987,B
34.032868881296075,65210.71698134406,7565.204672442645,6.286812124425943,6.7775909219532835,A
29.550809131910505,32185.36137574471,5175.024122296105,7.030781944209945,6.228908356051981,B
38.991361143520706,82207.00572901667,5864.575041706552,5.911456847218579,6.070918277800779,B
34.62365297575152,59281.90369856692,6316.455170349091,9.483051299394454,5.243835266168596,C
46.03301882016521,71658.51017552019,4830.189643671705,8.34569474221753,4.886320754849508,A
36.142276486620396,73050.84320184542,7116.142093717299,10.0,12.165115978611315,C
36.50301761461878,71109.00400399539,6766.070975078496,10.0,8.552769935588518,A
31.36387787786144,76323.7161960163,6297.944764535946,8.54401220592954,7.168480684956537,B
34.43054376278933,60682.97632284701,6326.860833388428,7.874643312345378,5.335397474610165,A
38.07801768892059,76735.59581710154,8273.825226741994,10.0,8.021471601790008,A
17.898316073433744,55055.95787295811,5358.70580388142,10.0,6.553984329174355,B
21.51814577894287,71841.23010278399,5593.745294155535,6.135017918985174,5.078614258322107,B
42.43264094022715,80446.83273030937,8279.760693744103,6.342778438483439,4.089307024202255,A
36.708654381279416,54322.746659970784,7242.90244591594,6.783085124666966,4.757247987011936,C
33.16016663647321,82869.81506086209,6958.598982384981,10.0,4.511277207634167,A
35.184339330653934,59552.71798861625,7053.3166212905235,8.722946285192208,5.631802517892925,B
38.47581705361671,81358.77550102554,8326.905910182424,10.0,3.534571759668921,C
29.602403196906387,70310.5112994733,5800.5568261573235,6.715979272425703,9.778009994848652,B
27.216952745976872,91181.23152491526,7270.374569835024,6.084845781792448,5.058032212435263,B
36.958452550976816,65127.23653991063,7348.543838083396,9.54338311994875,1.4331097413951142,C
25.21627222384968,57368.384170151876,7344.890878476636,6.626124799059742,4.850359537615647,B
39.082527557144715,69249.96969025637,6573.951993453286,5.434766687929861,1.861636744812487,B
17.974163957621595,54439.385236296665,5219.4390872197155,7.939564880753906,6.420222247137399,B
45.29155637325644,84644.90671575897,8707.954432562356,10.0,5.872842093018456,B
39.72597482413043,45618.3282855164,4784.574109337995,7.097830716093904,7.873518893324803,B
37.56029734313876,52974.91238437407,5908.211744733582,6.9619730399449695,2.627354624916304,B
44.82690983945514,56396.41109603967,6154.065498537883,7.580777206583124,5.10202428868444,B
51.65474444462576,90081.98610191653,8670.163146578212,8.948225161494651,0.9049346137200942,B
45.1437006501813,98231.05091381953,8153.674452381576,7.889481877780726,7.104484345774143,B
16.591257686683548,56728.8905652797,6446.289755342785,6.764423512778337,6.556613541320366,A
22.204230332642986,58569.78931847133,6030.078355856332,8.710409323444289,6.487415063082713,A
28.751814223043212,65426.689558219325,6105.458432125838,8.753852289975717,5.0048570940708235,B
35.26091050210834,85058.62979017703,7633.172641306088,9.505021198459083,6.244318672366373,A
40.17659020469123,56177.99808948701,4068.5342006589667,6.3161771816942816,9.813017324925788,C
27.742561868465344,67446.81567525445,6289.702813840035,8.100086040559221,4.144717228873958,A
36.86766764477078,83061.79826912185,7314.579959421465,5.887492343791811,5.415935551130254,B
27.446170676466775,71239.49788733106,5702.822040198711,8.829689890194638,1.7416211024557704,B
28.884821970080516,67286.1352340214,6553.2882773760975,10.0,2.395217115205003,A
20.933389031517777,75482.385904266,6638.473056337473,6.5629210971501415,5.293439879279922,B
25.767667538890958,22335.349374456924,5535.815376330866,5.237875958746214,8.311800640105721,C
21.483153943836662,70909.70676488195,7997.655097552253,9.039145506309291,4.231157527245283,C
25.241267470226674,52809.49848820198,5461.266093603358,9.519738876051324,4.292250412063629,B
45.536417966078396,45308.71553019235,5243.56108369739,6.593098852059393,3.779344266486876,C
25.50601111168057,70421.044548715,6389.424663439815,7.4826767335369055,3.3957299874670306,C
61.32382064837391,101266.78850163132,7850.376303031893,7.109954711457441,5.8849143671264645,A
39.93317900880889,67904.86178498907,6532.869383231346,8.550400283211612,0.5082270644640658,C
36.84836123694874,82717.29882651845,6312.856412473224,10.0,8.842818730000182,A
26.416422198187867,87392.38496892361,6384.469422113972,9.785656941393194,3.0037331056116185,B
42.003098794089915,90725.26620080566,8051.337685917364,9.502844841264714,7.165710456314424,A
29.243621737622263,89221.27880938203,8146.730764579499,9.94418740661958,1.1900042078183724,B
36.220098146453616,79241.96143930519,6281.939829805836,8.945460066042356,7.006520391638654,B
60.60084538268795,81431.92727486786,7546.040966105552,7.852074805353198,7.015833823443493,B
34.0394010027535,42990.213322919226,4655.59681947306,8.38443053966252,6.1526062160176895,B
46.49273326285676,69555.42930947915,6702.994863915654,8.816413750141589,2.0167144346006234,B
27.968235748741126,51335.41894462769,6260.2136831019,7.59319082513187,5.748644568794231,A
34.65011509503038,99889.19830998238,8151.544166927035,8.531410874581745,1.4508314457968332,B
52.7080063563551,73715.7159916925,7253.363177315512,10.0,4.241710234711444,C
28.730329422122324,66213.23681282844,5778.675951055032,9.307715958641088,8.08823930286598,C
53.12448557996929,84834.52343059165,6961.324213177317,8.41234491547863,7.390105781212226,B
42.07751935455475,71692.79637286419,6211.912531747843,10.0,5.0455488276213,C
29.375332241057322,90113.43172698996,7048.172043173403,8.759315328771688,2.0755802722314742,A
41.32407739055521,61322.29826926082,6214.459604637958,6.893109674696485,6.936763136522581,A
44.7255444962673,75281.8840766923,5462.183179161833,7.624539527614184,5.058143713094076,B
41.21809962217196,59471.99102561525,5532.39044062208,5.316996721648626,1.96094679469127,B
19.297752801095434,39848.53873223713,5057.883053295915,7.699740507239165,7.347889478949554,B
27.728628241751316,54687.777757296375,5630.556656511517,4.987671570357294,4.927301498390923,C
32.52481364448495,65706.8548665163,6179.391927589403,6.442676996427171,8.607353743949217,C
34.25566570899954,60688.29948674087,5746.820313254195,4.921032960719244,1.7141884434715857,A
41.206720975506784,60217.04578964555,6530.151117807013,7.881747750295937,4.530111439588001,C
36.777010009332535,47293.74304958876,5878.473543683505,7.13920646207163,5.837251575035555,A
21.64655641289899,59576.69461701908,5232.218512185349,7.488790411071408,5.874691030045918,C
38.801978510059634,46830.18364456478,4309.59418256358,5.777642640222375,0.07201488281935564,A
41.10585745283823,81953.76818176315,6146.894334603937,7.3393377789331975,2.064501362400181,B
40.5979044793104,71535.54853367276,6142.695150850688,9.273332222003498,13.265653231159705,C
45.807807255546216,51040.63113579915,4982.298175631767,6.726203659227226,4.08316815753859,A
43.33922154548904,67031.47461699657,5927.340139185398,8.826111213154045,7.192876929128648,C
39.59180079228437,58513.554312283435,5114.321643117542,6.597804686427838,3.048020517894849,B
34.29834288541353,71936.78909899447,5842.4742981422105,8.868433569106347,1.27090869655947,A
18.390390664840087,79301.9520227672,7305.930458362847,10.0,4.489225259612283,C
39.296182191325855,41520.50405097676,5389.9430492529655,7.955273903138012,4.203186319141684,C
37.076876871631114,70263.82962302682,6238.648146061241,7.8945707538266205,3.8003652839948856,B
37.715788371953735,66455.90225247726,5978.707556375833,8.708593568157754,4.656077493480822,B
22.232514241796906,71186.35826765544,5823.714379121123,8.198320151587453,5.792804814936909,A
24.189434595917376,65292.66672152403,6202.462469892137,8.276453613118294,4.54964914623858,C
45.53152853332904,61486.224290582235,5637.994148023157,7.585894636306356,1.2079814961579087,C
34.60444846143345,62516.415195717454,6336.405407873827,7.879317950957786,6.458554374685817,B
41.81500697372624,58967.11563481078,4641.230655940252,8.2664958113518,0.8481152659672695,B
35.28318376130461,83781.69895963129,7121.647242997506,7.699046898608639,1.1510723718526013,A
35.297561394957455,67968.45542755786,6782.576658839369,6.874604530892926,7.217541484104704,C
44.382838059759976,100709.27931617509,8647.471361731441,7.952650135061937,6.52106081640607,C
29.839552717826262,64009.864151693815,8249.130786224148,5.800086550829126,4.827813904777892,A
35.96120776940983,57354.502381047976,6339.026103225431,6.04180108072168,0.8136544857347836,A
30.377247112949576,42482.90766728238,4299.683578822227,7.363339143570312,2.876267177977774,B
30.655037725676845,38280.42371899925,5084.331003549239,5.574839912712136,4.211759756940488,B
31.908278765313607,42192.10023757446,3687.070145961288,7.880026708225368,0.21231809427766013,A
37.22133771633713,72617.56862334082,6488.823475357139,8.682949054295884,2.7829140259303013,A
30.212513783365225,72737.13224013161,6231.626207180299,5.6841002918495,6.95699101453004,C
47.55756125573521,50060.920097385606,6137.045837513624,8.485509381201814,9.28191609286765,A
26.053926977804963,76452.53820004422,6100.449538545672,10.0,3.741695742024348,A
33.13128355838641,59319.726003941614,5769.204190926117,6.4751922879448,7.269465062948296,C
30.60268941725825,67503.23988841237,5990.522310614802,9.005449308763106,0.7421802117624017,A
49.46977884353733,98918.19884560003,9615.398774080086,8.661162586166203,6.978353723340835,B
36.965547765115744,81935.36362054085,6861.999843192017,9.243273746149546,2.588154755817557,B
45.31844539468635,68631.2629787557,8161.248197167952,6.5348155385053355,5.92203685012391,C
20.14439626963028,46704.31475358583,5714.902163078386,4.6455560588774265,4.256742745280873,A
37.67050265869259,36558.020309406726,5124.901704375065,6.253675231050883,8.961242029351503,B
43.89630795623437,61160.85418948089,6295.31420389724,7.87244929006179,2.3766930549802456,B
35.82283989275424,64744.46636396171,6529.349271276583,7.640703777776179,6.882818892685493,B
45.654803750653514,58019.708968059,4375.666262576501,6.12493961106911,4.161477610110399,B
29.827115498996278,62944.70324311357,6062.310638313512,7.547386568958973,4.525083565971009,A
49.0934744018558,75699.51544530943,7372.140781578832,9.188917901136573,4.448438320522371,A
57.9889812361925,75621.65089097507,6769.770535160094,8.713742999364948,2.4629806865176613,A
31.37161439560341,55935.76848544981,4663.61196876482,8.07053997017131,4.957703102279985,A
30.54497478599228,67802.30747249705,6163.013832384648,7.384942572943503,4.812055333634535,B
49.53384477117701,81396.03212912964,8410.352681644588,10.0,5.723720745220188,C
50.795721457307124,59041.87456701087,6920.875194798896,6.187833723518373,5.253515437078588,C
29.771399728467316,86049.68556042771,7219.864957527951,10.0,7.393983648836709,B
30.798131829041427,63920.243930256795,6963.523509475599,9.968848835952782,7.770525848142106,B
32.18215391139493,66373.82129987018,6040.620156821745,9.040053204116852,1.8481300345165965,C
21.55549488965723,71400.96379367697,5120.491884401007,8.266261849086604,7.606317501772313,C
25.813480535158018,66404.98223653153,5835.219268117186,7.5278035418321085,1.4409907186704367,B
24.95859233247932,76776.34567493833,7855.232172712871,10.0,6.7635676644132054,B
27.322024348958713,67967.87465250671,6035.005245467913,6.263931344732827,6.8592163541086055,A
34.65315112613219,58140.01494345952,6268.286288517673,6.45181435660351,0.7339506749875122,A
37.342147325365204,74093.62654077413,6257.212499020956,8.108344678801124,5.278937739588229,C
50.50500492814077,58096.60935426046,7157.388804429477,9.76131110398102,3.594511659919053,B
25.01645959261209,64136.62538295389,7654.4937504375885,8.776482723209039,2.723704226193875,C
44.843223984765835,71923.16213271601,7955.758322639533,7.144089468870432,9.052556992097017,A
32.86011155774491,63308.30291978436,5991.124195674689,7.699953587911862,3.038962578087743,A
34.50536290347567,65324.618780153876,6931.895515020668,7.344746222863252,2.5808692126458506,C
41.74819492166604,42646.36177836843,3610.016864951109,6.067634600568119,5.22708482001528,A
23.772779784377015,53655.516276074086,6467.930457550581,9.151110151638873,7.056769238895249,B
38.82409746184051,70804.72224803698,5306.176230995961,6.48262141850659,4.575054241969619,C
36.66452208213056,70730.1069210263,6889.597710730815,10.0,8.499111637007756,B
39.92451264008149,54547.129206151374,5074.4697821984555,8.969700995584503,6.592926985892271,B
37.89168643907818,87931.4608325096,6822.961820838822,10.0,1.5346339591942915,A
59.55300139910894,66783.87797633695,5806.026434777301,7.64478463077896,3.411599109478975,B
28.62260015748684,78853.15808664447,6734.4087612939675,8.71774682571356,3.3144737019449027,C
29.690030449981823,71252.93065306619,6488.817653020092,6.412918810866241,6.438082860288267,B
28.768594735752355,54690.88772021913,5246.662293834926,6.947550775410752,2.8744511691223353,B
29.445228808397452,91352.2777933414,7773.9866755573175,10.0,12.647029126153166,B
28.626128726934823,46408.51188712021,4272.359575424057,9.264520187028104,6.59307828468263,B
46.89016531107552,87232.39525968778,7452.692065608431,7.700884537780711,5.446630411753073,B
49.20504247989855,89611.25601059395,8403.142363058467,8.932303895051799,8.544703149257439,A
29.29253706250524,54586.96539510295,5281.219297942687,7.502399439406363,12.030962158437875,C
26.676444268957713,84225.20163544378,6860.703888760242,7.117576278483462,7.61223993376521,A
39.71415556386404,66106.38006294772,6375.784988340702,9.192342865784985,7.84643928941486,C
29.477769557190285,69069.28921779299,7362.909896793261,7.367478963275736,5.392070073393147,C
41.32931817755511,74569.48667034585,7103.457413490343,8.435388806751757,4.575422739899155,C
37.029230208513,66499.98398219829,5971.560036750054,7.647075141242098,3.5726136679852964,C
19.84255885002768,72083.40352241058,7004.1726916434745,7.420162417541017,2.5216640248563738,C
50.47505201330061,87139.8568149335,6656.467952299529,9.346425362525844,2.9389577009015078,B
52.95877673095522,50251.408766904904,6072.108456347187,7.189156070493212,0.9483321069710504,A
28.872113095156138,84001.16019075036,7938.506091118484,8.642271186119519,4.77238564794493,A
31.12298440064016,40624.112379784965,4497.276608719229,5.938513186468734,0.054002731679160476,B
37.85865390724905,84417.52001874939,6446.973182361282,9.700163007111902,5.572749572431132,C
38.34456789987025,86072.86100234887,6568.994532899888,10.0,4.891008175872975,A
41.5854427267283,54428.22491013618,6237.155652675136,7.9312420947655005,5.4408058951600635,B
55.102045387663495,71388.80837451297,7806.216918137516,10.0,3.4336052899400227,B
33.2305277250595,50029.693835240716,4986.758780691769,5.416151804031841,14.230581110541511,A
27.017027554615463,60284.6983229767,6096.498349088781,8.25087707508949,9.080347700540939,A
21.20680771985473,55982.88959714124,4298.025644266408,6.153092001400462,1.2663724997458319,C
27.69069960058081,75540.2577843305,6460.310457919159,6.561625497918673,5.6986042622806945,C
34.66873027126203,86988.99632742513,6936.230938198654,8.240392705182703,3.1759815711880295,A
52.94557863517788,97408.04647943829,7141.894763652287,10.0,1.9565608198777582,C
29.823887009638284,56479.42310614461,4756.737689339494,9.248994898311699,0.9797837866281949,B
37.237879516388986,65480.61165202658,5606.8767179258075,8.638537665682929,6.296650072277762,C
34.83577103927248,42166.312636321985,5161.508029084638,4.809264791981203,2.9558592947912783,C
46.88393273448084,61353.915369797585,6079.685493413177,7.7732747914079745,7.903478072075613,B
60.26932425873622,94607.43662582997,5963.152879465958,10.0,7.981346643591317,C
29.691312270796793,89079.39848862187,5500.291602171835,9.71727426879899,9.121743155634348,B
30.10560557481778,46537.56970921006,5017.399535766232,4.561188110239384,2.4428397017776895,C
45.44160877069072,63833.84049805194,6271.080128959756,6.856215252872789,6.4260968320760306,A
41.81891489626312,70513.37109374764,4393.687438601383,8.429551908464306,6.897362649926903,C
53.46707325736034,80935.95401097427,6484.211425769098,9.8512340648245,3.5774654746881054,A
40.839281853259635,58275.588127805124,5419.645704670216,4.619587674740337,2.6846841278213747,A
31.407079092129404,72064.45521302604,7814.747132825737,8.360036797431514,9.828561997327919,A
40.90654830692309,63345.6839473978,5963.556627811506,8.38185735218832,5.682487627196161,A
46.087035805829075,72826.73383974035,7215.121694490953,9.915754674761338,6.907903252135213,A
43.204821811973645,79796.67462604231,7086.388703437795,10.0,2.533771964516218,B
40.07274031107298,70132.70420270055,4863.472198881936,9.380492188348235,1.3421466004334186,B
45.666746895891535,66287.58509004724,6841.397563326888,7.1144684944494605,3.291650676523669,B
46.692955904456724,71702.3308933409,6793.831725556635,5.723113338982084,4.627935837830009,A
48.82158991037527,73085.35056710761,7148.779649696755,8.06468839276328,1.8073399795479537,C
41.48709887589643,65193.3839897163,9380.997395144002,9.762116937298655,4.970465574048851,B
33.328819196831454,62782.4686584092,4111.082984503089,10.0,0.06551556420549964,C
36.46713686433323,92213.27598973736,9056.715298561934,10.0,1.6398577325903831,C
47.06508966508357,81946.33655166037,6940.271107533825,9.74132806178562,7.0127337448306255,A
26.83064329012764,58983.116874626416,6042.984271984139,8.51861531631027,6.811371560833683,A
38.686733088729014,79797.68261202554,6696.596927145782,8.155706010460106,3.824369703839401,A
31.066611876726395,60526.013592023046,5982.08744298351,7.831210239270722,1.946707072769141,B
35.28744822934817,85240.5936784737,6904.452443511558,10.0,1.9177893454219674,A
47.78451862607299,79436.8921960079,7189.63539207446,7.558007601112581,3.880195262176058,B
36.910990680199035,66845.96318003608,4901.152625034964,10.0,6.933555474935874,B
35.46436548156149,74447.9366279349,7158.497199729888,8.239354599658657,7.784737074032973,B
21.401438590200808,37137.577014072915,4784.441406152689,8.845027014346265,3.510404793554093,B
42.46253566027221,54329.75579648903,4839.964706765775,5.606265275578144,1.5395227220456484,A
41.45484181141075,52818.54580971955,5170.799590689186,8.519783592232951,5.803530913598999,B
56.6325472330546,80460.4200379829,8130.678221634134,7.917865797977712,2.5293950881224516,A
31.922217650469992,91948.83381751137,7006.2939837733265,7.474540902989288,3.445242083416393,A
37.19150327663939,102065.25383120918,8690.19419218423,10.0,8.975828271311112,B
37.49383683710755,78317.68494016514,6601.6793334152235,10.0,7.481346285697304,A
50.77453279763475,82899.93352298423,7658.019341847552,7.877584518258966,5.473922936754355,C
34.047044676130476,40007.65632577415,5423.054957914699,4.751858875601106,1.1842429966618315,A
37.790215257703395,60755.00063284137,6993.010458540742,7.899982885139636,5.634189702411977,A
41.078965097165394,58722.72626995912,5499.36900278831,7.804983320332184,8.18797187236258,B
36.86609123156358,59120.33164201505,6223.046470915527,8.778496023432501,3.8730990027033934,B
30.535663854494718,62745.67464847551,6242.775832252409,9.561675589470507,9.053342269960146,A
36.94089992898308,61389.091299034626,7040.905249553871,7.98033179304299,8.878235868554622,B
45.73631749859772,43178.66159366205,4314.80007211307,9.942188051874496,9.991198496430421,C
24.7348470058894,73586.07734470771,7219.075309044299,9.015655984038323,5.915729379594059,C
36.32969674146876,52073.70298463729,5548.9947418679885,7.084045390221515,6.7621750994180365,B
27.998791850608267,67588.09888697138,6433.622272644889,5.962053905694328,9.24256186499327,A
46.950466289248425,104586.47319087382,7922.791590930614,9.83533437906944,6.342181811206927,C
19.768130952162252,46093.29660228478,5480.804451158815,6.800084411997535,3.4962976766293616,C
29.410781527284115,26751.07792244711,3967.9025062304668,7.7780110905445605,3.654371490416416,A
38.772118750645205,65095.996047120934,6606.916088320523,8.948525238456329,5.715664861321217,B
50.65524029234341,91842.01467115026,9011.424462877962,7.8230470511085874,1.128315734161344,C
34.34249738927012,96546.46050794396,8436.077328624482,10.0,4.570223253907422,A
29.448004733068018,46280.75844974775,5856.152556004825,8.321334680080966,8.289641354690762,A
53.8115706944059,84356.27369575077,6761.12865386878,10.0,1.5737615534958431,C
20.51986099583756,53280.27364621798,4502.062340781972,8.99526963343199,9.603446305383546,B
13.011940433799182,54916.74490233756,6577.2713263951955,8.887107226584094,8.36712265610948,C
39.40014450053332,109365.22245552218,9114.52964753192,10.0,3.6207061525085713,A
29.979457756473888,42445.17395230965,6494.430254729839,7.704726705750657,6.6301724836154285,C
24.78767182869287,66199.93083676504,5607.130197470358,10.0,5.00944318071898,B
42.08356447299353,78057.17981297825,6595.395476710648,6.9036928944294385,8.689971105316049,A
37.43800713771199,85005.7984429462,5637.3975405191395,8.726130931321876,7.948049428309823,B
29.359213692632714,66149.35414837979,5792.632709871441,7.148614584284628,0.7997878304509722,C
22.196956013291057,65719.23609920706,6846.821814210267,8.854691483049539,6.761787240392531,C
43.724573282801444,65987.55813007386,6125.3763388904235,10.0,4.383116439070257,B
41.50201177958661,74787.91000846992,7112.126966833877,7.843934070341885,5.2484977115542994,C
34.00824136220617,61856.23654864193,5965.2444795827705,4.50735527622794,2.8154842970905536,B
53.466369960476655,86056.76332807909,7485.931108208842,8.68450704886725,10.244411207362507,C
24.299152336738473,56605.421127714726,4658.22489133064,9.200481654411847,8.120185459707727,B
19.74474829075261,65528.8800539091,6310.951477768247,9.082888857120274,2.7806865080810983,B
28.080919301187556,63601.51744531911,3906.9877619180957,8.82235524398182,0.9961681792693025,A
34.54413983644502,84162.82367980502,6817.0723789519925,8.788151231178531,3.8429821070664554,A
37.43339449322692,67945.79139278617,5254.733532813472,6.478743465309628,6.303507938273917,B
32.5876394214367,39698.332687615126,5779.76806332267,7.757858116817458,5.720617531838669,C
38.520553965142966,88189.09949328135,7934.784071661109,8.15803225961213,8.75939847430473,C
22.48460575809556,47656.31836610849,5862.289328480299,10.0,7.369759166542557,C
49.437646040732595,64912.327940634,7329.7341473153065,9.101377209563474,7.90870707725872,B
34.178488216074314,58154.32469738478,5156.0979900765415,7.036743781038313,5.980566201831312,B
46.172958315881274,93703.05055550291,9020.104920349973,8.768074656692203,0.8321038093670294,B
38.42725346377704,37178.513522208086,5630.552528859475,6.719509366190022,4.412904406559296,B
39.567532191537836,116849.99410066883,8177.107654153586,10.0,8.180269219725997,A
40.69767280232204,86189.6885371518,7852.044181562328,10.0,4.845431214426062,B
39.47708560017315,73087.12651202397,5892.514916881259,8.933980580217268,6.509271105871241,C
41.42722759867544,69890.20379009342,6042.335141412342,7.3970625811418795,4.0437550542616005,A
48.29152530132431,78429.07377352701,6252.484569378287,10.0,1.910564454374465,C
36.9652116970147,76299.44227419743,6342.9842768244325,8.888934610990205,4.629967807861669,B
42.09003757588512,80723.25257719342,6249.860365231929,10.0,5.927142329097961,A
34.102643057127736,75385.3885186156,7886.379399938781,7.856929664763641,3.032936841615669,B
49.40117215449473,76044.29629607609,6189.59584017377,9.34688825642059,4.2928662654299945,A
28.2360769794073,61157.962185093755,6162.6940345445155,8.52456309596948,2.181610274042052,C
53.00940432910816,74235.6029097514,6188.98317638665,5.87730620734334,8.357734752692288,B
34.59842049355657,64375.586041488066,4902.924701082799,10.0,4.116632727235898,B
20.69224897881952,77352.67594241572,7583.365780578223,10.0,9.358266635378548,A
36.28104414910789,77043.87290876688,5276.7885197405785,8.256400671219362,9.586243551622726,A
28.18948342525119,19988.912192661395,3663.142880343897,4.346040998949287,4.756862105834768,B
43.406435489887244,81541.72939289003,6062.888054018513,9.59842889034983,1.9746538023579507,A
28.473760206976092,67157.92302426966,8211.916108506271,8.487942700335077,1.2576936332000113,B
30.538165667852205,64988.451487237646,7000.11557629756,8.782925997206727,0.5838887809196258,A
16.104592690544692,52224.51954893906,5514.499301433279,7.898592071738087,0.8784955253040199,C
30.476936807509233,82100.15920354481,8307.57209059698,9.86436944413613,9.135408882384514,A
10.761206733710434,69593.50029869808,5935.331356662003,10.0,5.347473761680838,C
19.16097176514277,47987.32086521725,5628.933377357812,8.251520850953831,6.168813572275964,A
42.604146561442974,77407.8575875895,7106.526349861315,7.295909631014563,1.6612630268053774,A
42.85800158650832,56854.14977513487,6253.376667355455,9.886551767825422,1.4061007123482154,B
39.254575617849646,48933.01533709087,6700.911575451736,9.907572612086973,7.661239329338861,A
25.33023856870787,53264.360915504454,6235.9219329371745,10.0,5.860322337147759,A
34.5228864385802,80197.34530503149,7169.230306275729,7.324626215392177,4.5583841639432086,C
34.963974609094315,81778.86298518846,6010.4879646930385,9.453266168984836,6.694527075800368,A
23.416353108074574,69404.45785549667,5460.153755955086,5.347074837991352,9.907393418407445,B
50.0339830176715,85893.4283115557,7284.220126885408,10.0,4.336872609388848,C
43.77362290575671,79629.48575960273,6782.166861928572,8.159173840729977,5.2081094079742085,B
32.79035826170336,56772.95520250739,5147.560034838152,10.0,5.577790756193916,B
35.26885838994531,74113.26736508176,8583.395605594593,7.543740913226215,12.176328905821977,B
37.08382807947552,80548.056918153,8494.234737240002,6.493628288956757,1.2980687932570767,B
14.582651315757094,68605.69560508216,7010.261987839201,7.7233891692003285,7.049669044366424,C
32.52822617479403,84097.81365951666,7017.876125990443,6.241659026150127,4.655593253722809,A
28.180157520022014,74714.63646802696,6850.890193895875,9.862381005162314,6.700315178552539,B
24.983799901050844,67763.62306364917,5936.895438450216,5.2905565837979776,3.027882338015827,C
32.18899707114045,82146.75211031664,7345.779318850766,9.15002397729057,4.853104907424649,B
52.976865268495224,76090.61374551171,6858.415146382542,5.687812957491291,7.134231738396485,A
41.4084286126701,57476.094537919285,4819.193475639183,7.393358020091002,14.338730603131523,C
29.28821010217203,62198.10059192956,6406.331606873548,10.0,7.424108568206215,C
40.72582781356159,59189.37423468405,5694.519392808116,8.500440548887896,2.4558032059084742,A
